{
    "model_name": "Titanic_Classifier_xgboost",
    "accuracy": 0.746268656716418,
    "precision": 0.7420803143996775,
    "recall": 0.746268656716418,
    "f1": 0.7396871865966609,
    "prediction_time_sec": 0.001996278762817383,
    "classification_report": {
        "0": {
            "precision": 0.7634408602150538,
            "recall": 0.8554216867469879,
            "f1-score": 0.8068181818181818,
            "support": 83.0
        },
        "1": {
            "precision": 0.7073170731707317,
            "recall": 0.5686274509803921,
            "f1-score": 0.6304347826086957,
            "support": 51.0
        },
        "accuracy": 0.746268656716418,
        "macro avg": {
            "precision": 0.7353789666928927,
            "recall": 0.71202456886369,
            "f1-score": 0.7186264822134387,
            "support": 134.0
        },
        "weighted avg": {
            "precision": 0.7420803143996775,
            "recall": 0.746268656716418,
            "f1-score": 0.7396871865966609,
            "support": 134.0
        }
    }
}