{
    "model_name": "Titanic_Classifier_xgboost",
    "accuracy": 0.7761194029850746,
    "precision": 0.7733120749434529,
    "recall": 0.7761194029850746,
    "f1": 0.7717392494606936,
    "prediction_time_sec": 0.0,
    "classification_report": {
        "0": {
            "precision": 0.7912087912087912,
            "recall": 0.8674698795180723,
            "f1-score": 0.8275862068965517,
            "support": 83.0
        },
        "1": {
            "precision": 0.7441860465116279,
            "recall": 0.6274509803921569,
            "f1-score": 0.6808510638297872,
            "support": 51.0
        },
        "accuracy": 0.7761194029850746,
        "macro avg": {
            "precision": 0.7676974188602095,
            "recall": 0.7474604299551146,
            "f1-score": 0.7542186353631695,
            "support": 134.0
        },
        "weighted avg": {
            "precision": 0.7733120749434529,
            "recall": 0.7761194029850746,
            "f1-score": 0.7717392494606936,
            "support": 134.0
        }
    }
}