{
    "model_name": "Titanic_Classifier_random_forest",
    "accuracy": 0.7910447761194029,
    "precision": 0.7938976058686783,
    "recall": 0.7910447761194029,
    "f1": 0.782549374340419,
    "prediction_time_sec": 0.021817922592163086,
    "classification_report": {
        "0": {
            "precision": 0.7835051546391752,
            "recall": 0.9156626506024096,
            "f1-score": 0.8444444444444444,
            "support": 83.0
        },
        "1": {
            "precision": 0.8108108108108109,
            "recall": 0.5882352941176471,
            "f1-score": 0.6818181818181818,
            "support": 51.0
        },
        "accuracy": 0.7910447761194029,
        "macro avg": {
            "precision": 0.797157982724993,
            "recall": 0.7519489723600283,
            "f1-score": 0.7631313131313131,
            "support": 134.0
        },
        "weighted avg": {
            "precision": 0.7938976058686783,
            "recall": 0.7910447761194029,
            "f1-score": 0.782549374340419,
            "support": 134.0
        }
    }
}